{"task_stage_names": ["before", "unlock", "tone", "after"], "trial_window": [-3.49, 2.49], "cell_depths": [1420.0, 1440.0, 1400.0, 1360.0, 1300.0, 1320.0, 1300.0, 1300.0, 1280.0, 1300.0, 1240.0, 1300.0, 1260.0, 1300.0, 1180.0, 1220.0, 1220.0, 1200.0, 1120.0, 1120.0, 1120.0, 1080.0, 1040.0, 1020.0, 1000.0, 980.0, 960.0, 980.0, 960.0, 860.0, 820.0, 840.0, 880.0, 820.0, 800.0, 780.0, 780.0, 780.0, 760.0, 740.0, 640.0, 680.0, 640.0, 660.0, 600.0, 560.0, 520.0, 520.0, 400.0, 360.0, 280.0, 280.0, 280.0, 240.0, 200.0, 280.0, 500.0, 560.0, 640.0, 1040.0, 1140.0, 1200.0, 1260.0, 1300.0, 1440.0], "spike_widths": [0.0005333333333333334, 0.00042962962962962963, 0.0005929824561403508, 0.0007527777777777777, 0.00055, 0.0006009803921568626, 0.000762037037037037, 0.0004912280701754385, 0.0005916666666666667, 0.0004970588235294117, 0.0006601851851851852, 0.0005676470588235294, 0.00046296296296296287, 0.0005833333333333334, 0.0005833333333333334, 0.0007527777777777777, 0.0005666666666666666, 0.0004912280701754385, 0.0005833333333333334, 0.0005416666666666666, 0.0005916666666666667, 0.0005588235294117648, 0.0004549019607843137, 0.0005916666666666667, 0.00055, 0.0007527777777777777, 0.0006009803921568626, 0.0005583333333333333, 0.00045648148148148143, 0.0005666666666666666, 0.0006703703703703703, 0.0005333333333333334, 0.0007527777777777777, 0.0002558823529411765, 0.0005333333333333334, 0.00065, 0.0005666666666666667, 0.0006714285714285715, 0.0005333333333333334, 0.0008302083333333332, 0.0005833333333333334, 0.0007740740740740739, 0.0005676470588235294, 0.0007274509803921568, 0.000762037037037037, 0.0009345238095238096, 0.0005666666666666666, 0.0005583333333333333, 0.0005833333333333334, 0.0006009803921568626, 0.0003212962962962963, 0.0001511111111111111, 0.0003196078431372549, 0.0008294117647058823, 0.0005833333333333334, 0.0003166666666666667, 0.0005833333333333334, 0.0006268518518518519, 0.0007740740740740739, 0.0005833333333333334, 0.000525, 0.0005833333333333334, 0.0005583333333333333, 0.00042962962962962963, 0.0005833333333333334], "central_event": "tone_onset", "margin": 0.5, "folder": "230712_3745_1356VAL"}